{
  "Patient": [
    {
      "PatientName": "Hrithik Roshan",
      "Age": "49",
      "Sex": "male",
      "VisitingDate": "2023-04-21T13:01",
      "Complaint": "Leg Pain",
      "PatientImage": "./assets/images/Hrithik-Roshan.png",
      "id": 1
    },
    {
      "PatientName": "Morgan Freeman",
      "Age": "71",
      "Sex": "male",
      "VisitingDate": "2023-05-19T15:17",
      "Complaint": "Depression",
      "PatientImage": "./assets/images/morgan.png",
      "id": 2
    },
    {
      "PatientName": "Shivaji Ganesan",
      "Age": "85",
      "Sex": "male",
      "VisitingDate": "2023-05-19T17:18",
      "Complaint": "Temporary Memory loss",
      "PatientImage": "./assets/images/sivaji.png",
      "id": 3
    }
  ]
}