{
  "Patient": [
    {
      "PatientName": "SatishJ",
      "Age": "19",
      "Sex": "Male",
      "VisitingDate": "02-05-2022",
      "Complaint": "Dyslexia",
      "PatientImage": "https://www.melivecode.com/users/1.png",
      "id": 1
    },
    {
      "id": 2,
      "PatientName": "Dhana",
      "Age": 19,
      "Sex": "Male",
      "VisitingDate": "12-02-2023",
      "Complaint": "Headache",
      "PatientImage": "https://www.melivecode.com/users/1.png"
    },
    {
      "id": 3,
      "PatientName": "Hemanth",
      "Age": 20,
      "Sex": "Male",
      "VisitingDate": "02-12-2023",
      "Complaint": "Bone Fracture",
      "PatientImage": "https://www.melivecode.com/users/1.png"
    },
    {
      "id": 4,
      "PatientName": "Harishmitha",
      "Age": 20,
      "Sex": "Female",
      "VisitingDate": "30-06-2023",
      "Complaint": "Temporary Memoryloss",
      "PatientImage": "https://www.melivecode.com/users/1.png"
    },
    {
      "id": 5,
      "PatientName": "Yamini",
      "Age": 19,
      "Sex": "Female",
      "VisitingDate": "02-02-2023",
      "Complaint": "Dyslexia",
      "PatientImage": "https://www.melivecode.com/users/1.png"
    },
    {
      "id": 6,
      "PatientName": "Arun Joseph",
      "Age": 22,
      "Sex": "Male",
      "VisitingDate": "05-11-2023",
      "Complaint": "Multiple Personality Disorder",
      "PatientImage": "https://www.melivecode.com/users/1.png"
    },
    {
      "PatientName": "hgggr",
      "Age": "20",
      "Sex": "Male",
      "VisitingDate": "24-04-2022",
      "Complaint": "Fever",
      "PatientImage": "https://www.melivecode.com/users/1.png",
      "id": 7
    },
    {
      "PatientName": "HJHJ",
      "Age": "20",
      "Sex": "Male",
      "VisitingDate": "24-04-2022",
      "Complaint": "Fever",
      "PatientImage": "https://www.melivecode.com/users/1.png",
      "id": 8
    },
    {
      "PatientName": "ahewtb",
      "Age": "20",
      "Sex": "Male",
      "VisitingDate": "24-04-2022",
      "Complaint": "Fever",
      "PatientImage": "https://www.melivecode.com/users/1.png",
      "id": 9
    },
    {
      "PatientName": "ghdbdfgb",
      "Age": "20",
      "Sex": "Male",
      "VisitingDate": "24-04-2022",
      "Complaint": "Fever",
      "PatientImage": "https://www.melivecode.com/users/1.png",
      "id": 10
    },
    {
      "PatientName": "Siva",
      "Age": "22",
      "Sex": "Male",
      "VisitingDate": "02-05-2023",
      "Complaint": "Fever",
      "PatientImage": "https://www.melivecode.com/users/1.png",
      "id": 11
    },
    {
      "PatientName": "Srikanth Satish",
      "Age": "20",
      "Sex": "Male",
      "VisitingDate": "24-04-2022",
      "Complaint": "Fever",
      "PatientImage": "https://www.melivecode.com/users/1.png",
      "id": 12
    }
  ]
}